metric_id,class,disposition,home,subject_verified,home_current_anchor,proposed_edit,reasoning
REW_BEN_FAM_012,MISMAP,CONFLICT,REW263_GOV_MENOPLAN,False,Aon 2025: 57% of large UK employers now provide menopause training and information (up sharply from 25% in 2022). NOTE: this question asks about a published men,REW_BEN_FAM_012.real_anchor -> blank + EST flag (no paid-menopause-leave prevalence found; contrast REW263_TIME_FERTLEAVE where CIPD does carry a 22% paid-time-off figure); the CIPD 2023 policy-prevalence figure (24% standalone / 16% wider = ~40% any policy / 29% planning) is offered to REW263_GOV_MENOPLAN as a PROXY-WITH-CAVEAT replacement for its incumbent Grade-C Aon 57% training/info proxy — c,"Audit finding confirmed: the question asks one specific provision — PAID LEAVE for menopause (options: Yes specific paid leave / Support but no paid leave / No provision / DK) — and the anchor measures policy prevalence plus a support-type menu that contains no paid-leave line, so it cannot ground the seed in either direction. Home search: no menopause policy-existence or support-types metric exis"
REW_BEN_HOL_006,MISMAP,CONFLICT,REW_BEN_HOL_004,True,Additional annual leave based on length of service: present in 57% of agreements (56/98 employers show >1 distinct leave value across service bands). [IDR Payli,"REW_BEN_HOL_006.real_anchor -> blank + EST flag (buy-max question has no purchase-scheme figure; nearest context is Drewberry '18.8% allow buy/sell of up to 5 days' on REW_BEN_HOL_003); the Payline service-uplift quantum figure moves to REW_BEN_HOL_004 — David to rule whether it is APPENDED as the quantum companion to the existing 57% prevalence anchor (recommended: same source, complementary quan","Audit finding confirmed: pure vocabulary overlap on 'additional leave' — the question asks holiday-PURCHASE maximum (options: Not applicable / Up to 5 days / 6-10 days / More than 10 days), the figure measures LENGTH-OF-SERVICE uplift. Home verification: REW_BEN_HOL_004 passes the subject test — the figure ('leave rises ~25 days at 1yr to ~28-29 days at 5-15yr; typical uplift 3-5 days') genuinely "
REW263_PAY_MERITMATRIX,MISMAP,MOVE,REW_PAY_097,True,"unanchored - needs research (real_anchor blank, no collision)","REW_PAY_097.real_anchor <- 'Merit pay (permanent rises from individual performance assessment) used by 41% of employers for MPT staff, 29% for other staff (private sector 48%/33%)' with CIPD PPT 2024 source/base copied across and the broader '60% link pay/bonus to performance' clause retained only as caveated context; REW263_PAY_MERITMATRIX.real_anchor -> blank + EST flag.","Mis-map confirmed: REW263_PAY_MERITMATRIX's live options are No / Performance only / Full merit matrix — the anchor cannot split matrix-users from generic merit-pay users (the register's own notes already conceded 'matrix is a subset', hence the B grade). Subject test at the suspected home passes cleanly: merit pay is BY DEFINITION permanent pay rises determined by individual performance assessmen"
REW26_BEN_PENSION_TYPE,MISMAP,MOVE,REW26_BEN_PLSA_QM,False,"UNANCHORED: status ESTIMATE-FLAGGED (no published prevalence), real_anchor = 'PLSA quality-mark threshold prevalence not in these sources', grade EST. NOTE: the","REW26_BEN_PENSION_TYPE.real_anchor -> blank + EST flag; figure moves to REW26_BEN_PLSA_QM.real_anchor as an explicit UPPER-BOUND PROXY: 'Min employer contribution >=6%: 29% all / 47% large / 28% SME (CIPD Reward Feb 2026). PROXY CAVEAT: >=6% employer is necessary but NOT sufficient for PQM (which also requires 12% total contributions), so true PQM prevalence is <=29% all-UK - upper bound, not exac","Mis-map confirmed: question asks scheme TYPE (DC/DB/hybrid, seeded 'DC 85%'); anchor measures contribution generosity - cannot calibrate the type split in any direction. Home verification: PLSA_QM's live DB question text confirmed, and its register row is genuinely unanchored (EST) despite the input claiming ANCHORED, making this a clean MOVE rather than CONFLICT. subject_match_verified is FALSE b"
REW_PAY_018,MISMAP,MOVE,REW_PAY_017,True,"unanchored - needs research (real_anchor blank, no collision)","REW_PAY_017.real_anchor <- '64% pay a call-out rate (Fixed-rate dominant; legacy detail Yes-Fixed 24 / Yes-%hourly 2 / No 15, n=42)' keeping Grade B and the legacy 2019-20 large-employer-skew base, with an added shape caveat (measures existence + form of call-out payment, supporting the Per-call-out vs Not-offered axis, not the full flat-per-period/per-day periodicity split); REW_PAY_018.real_anch","Mis-map confirmed: REW_PAY_018's live options are minimum-hours values (No minimum / 1 hour / 2 hours / 3+ hours) — a minimum-payment GUARANTEE question — and '64% pay a call-out rate' says nothing about whether a floor attaches (a payer in the 64% can pay actual time only). Subject test at the home: REW_PAY_017 asks how on-call/call-out compensation is delivered, and its option set explicitly inc"
PROP_8862fcad,MISMAP,REVISED,REW263_GOV_BENOBJ (77% component); REW263_WEL_FINWELL (15% component),True,"REW263_GOV_BENOBJ: 'Benefits linked to defined objectives: 77% have objectives; 22% none' (CIPD Reward Survey Feb 2026, all-UK, grade A) | REW263_WEL_FINWELL: '","PROP_8862fcad.real_anchor -> blank + status 'unanchored - needs research'/EST flag; BOTH component figures already live at their true homes with the same source (77% at REW263_GOV_BENOBJ, 15% at REW263_WEL_FINWELL) — nothing moves; the row needs its own documented-total-reward-strategy prevalence anchor.","Audit's finding of mis-map CONFIRMED, but its home for the second figure is corrected. (1) The 77% component: identical figure, identical source (CIPD Reward Feb 2026, n=1,059) already sits as the anchor on REW263_GOV_BENOBJ, whose live question it genuinely answers — pure duplicate, so this component simply clears. (2) The '15% formal FW policy' component: the audit glossed 'FW' as flexible worki"
REW26_WEL_FINWELL,MISMAP,REVISED,REW26_WEL_FINWELL,True,"'64% have financial wellbeing policy/strategy' — the mislabelled anchor on this same row; the alternative home REW263_WEL_FINWELL carries a DIFFERENT, David-loc","REW26_WEL_FINWELL.real_anchor stays anchored at 64% but is RELABELLED from '64% have financial wellbeing policy/strategy' to '64% offer a financial wellbeing programme/activity (broad any-programme measure, CIPD S29)'; the source field should be tightened to cite the exact CIPD survey wave the S29 programme figure comes from; no figure moves and REW263_WEL_FINWELL is untouched.","Audit's mis-map finding is PARTLY overturned: the ATTACHMENT is correct, the LABEL is the defect — this is the audit's own branch (a), which verification confirms against a standing ruling. The row's register notes (register is RULED authoritative) contain an explicit reconciliation and definition lock: 'RECONCILE (CIPD Feb 2026)... The 64% on this row is the older recalibrated FINWELL-PROGRAMME f"
REW263_GOV_MENOPLAN,MISMAP,PARK,,False,,"REW263_GOV_MENOPLAN.real_anchor -> blank + status 'unanchored - needs research'/EST flag, retaining the ERA-2025/2027-mandate legislative context in notes; the Aon figure ('menopause training/information 57% of large UK employers, up from 25% in 2022, Aon UK B&T 2025') moves to the parked-anchors note as the candidate anchor for a menopause-support-provision row if one is ever added.","Audit CONFIRMED: providing menopause training/information is not publishing a menopause action plan, and the base (broker survey, 49% are 500+ FTE) is large-skew on an all-employer question. The suspected home is textual-only ('a menopause support/training provision metric'), so I searched the register and the live questions table. Register metrics mentioning menopause: REW_BEN_FAM_012 ('Do you pr"
REW263_PAY_SSPALIGN,MISMAP,PARK,,False,n/a — no candidate home found,"REW263_PAY_SSPALIGN.real_anchor -> blank + EST flag with '62% think SSP too low' (CIPD H&W 2025) held in the parked-anchors note pending an attitudes-to-SSP metric; separately flag for David that this row's own notes already contain an on-subject candidate anchor — Brightmine ERA SSP Survey (Nov 2025, n=77, Grade C): 66.5% sick pay already in line / 9.7% more generous / 23.2% need to align / 18.7%","Mis-map confirmed: the question's live options (Not reviewed / Reviewing / Aligned / Aligned + enhanced OSP) demand an employer-ACTION distribution, and the only quantity in the anchor — '62% think SSP too low' — is sentiment about the statutory rate that is logically independent of alignment action (an employer can hold that view and have done nothing, or disagree and be fully aligned). The rest "
REW_BEN_FAM_005,MISMAP,PARK,,False,,REW_BEN_FAM_005.real_anchor -> blank + EST flag; the CIPD 2022 SPL take-up figures (85% of employers zero father/partner uptake in 2 yrs; ~2% of eligible couples; Grade A) PARKED for a future SPL-uptake/utilisation metric; replacement research action: extract an enhanced-ShPP PROVISION percentage from the same CIPD working-parents 2022 source (ref 8268) already cited on REW_BEN_FAM_001.,"Audit finding confirmed: question asks employer PROVISION of enhanced shared parental pay (options Yes / No statutory only / DK); anchor measures employee TAKE-UP of SPL, and the load-bearing clause 'Enhanced SPL pay correspondingly rare' is an inference from take-up, not a measured provision figure — same offer-vs-participate axis as calibration cases REW_BEN_102/REW_INC_103. Home search: no SPL "
REW_BEN_SICK_005,MISMAP,PARK,,False,,"REW_BEN_SICK_005.real_anchor -> blank + EST flag (governance-documentation question, no published prevalence); legacy basis distribution 'By-service 25 / Same-for-all 13 / Statutory 4, n=45' PARKED in a parked-anchors note pending a future OSP-eligibility-basis metric (figure already preserved verbatim in REW_BEN_SICK_001 notes as legacy corroboration, 2026-06-21).","Audit finding confirmed: the question ('Are eligibility rules for occupational sick pay clearly defined and documented?', options Yes/Partly/No/DK) is a governance-existence question; the figure is a substance distribution of what eligibility rules say. Suspected home is textual-only ('an OSP eligibility-BASIS metric'), so I searched the register and questions table: no metric asks on what basis O"
EXT_REW_GAP_010,MISMAP,DROP_DUPLICATE,EXT_REW_GAP_009,True,"ANCHORED: 'For roles supporting remote work, 65% of UK employers require a minimum number of office days. Among those: 3 days/week most common (48%), 2 days (32","EXT_REW_GAP_010.real_anchor -> blank + EST flag; the 65%/3-days-48%/2-days-32% attendance block is already present at EXT_REW_GAP_009 (identical CIPD flex-2025 figures and source — duplicate), and the residual 74%-hybrid (42% formal/23% informal) and ~32%-fully-WFH prevalence figures move to the parked-anchors note because no hybrid-prevalence register row exists.",Mis-map confirmed against live question text: EXT_REW_GAP_010 asks permitted work LOCATIONS (options: Anywhere in UK / Within defined UK regions / Internationally with(out) restrictions / Tightly restricted) and the anchor itself concedes 'location specifics... not separately quantified' — no figure in it can calibrate the location distribution. Collision check at the suspected home: EXT_REW_GAP_0
RED_NOTICE_01,MISMAP,DROP_DUPLICATE,REW_Q524161,True,"REW_Q524161: 'Statutory employer-to-employee notice floor: 1 wk (1mth-2yr service), +1 wk per year thereafter, max 12 wks...'; b1785613-...: 'Statutory employee","RED_NOTICE_01.real_anchor -> blank + EST flag; the statutory notice floor already lives, correctly split by direction, at REW_Q524161 (employer-to-employee) and b1785613-96ed-4a64-9fd7-762d0ac65f19 (employee-to-employer) from the same verified statutory source (duplicate); retain the sentence 'redundancy notice follows the same statutory floor' as a context note on RED_NOTICE_01; the handling-mech",Mis-map confirmed: the question asks the handling MECHANISM in redundancy (PILON/worked/garden leave - a categorical practice distribution); the anchor is notice DURATION entitlement in weeks. A statutory weeks-floor cannot calibrate a mechanism split in any direction - structurally identical to the confirmed REW_BEN_SICK_005 pattern the audit cites. Both suggested homes verified against live DB t
REW262_TIME_SICKDAYONE,MISMAP,DROP_DUPLICATE,REW263_PAY_SSPALIGN,True,"SSP reform (ERA 2025): removal of lower earnings limit + day-one; 62% think SSP too low [CIPD H&W 2025, Grade A, base: statutory + sentiment; Brightmine Nov 202","REW262_TIME_SICKDAYONE.real_anchor -> replace the statutory SSP fact with the subject-correct OSP figure already in this row's own notes and identical to REW_BEN_SICK_004's anchor ('OSP waiting period: ~30% eligible from day one; rises to 43% public', CIPD H&W 2025 Fig23, base: orgs with OSP, Grade A — shared across the duplicate pair); the orphaned statutory figure ('Day-one SSP now STATUTORY, ER","Audit finding confirmed: SSP (statutory) and OSP (occupational/discretionary) are different schemes — the abolition of SSP waiting days under ERA 2025 says nothing about whether an employer's OSP scheme has a waiting period, so the statutory fact cannot anchor this OSP question. Home verification: the audit's suspected home ('a statutory SSP-floor / ERA 2025 reform context metric') resolves to a r"
REW263_BEN_PMIMH,MISMAP,DROP_DUPLICATE,REW26_WEL_MH_SUPPORT,True,"real_anchor: 'Mental-health support measures: counselling 43%, phased return 43%, EAP 41%, MHFA 40% (top measures, all orgs)' (CIPD H&W 2025, Fig11); its notes ","REW263_BEN_PMIMH.real_anchor -> blank + EST flag; the 52% 24/7-MH-support and 34% virtual-GP figures already live in REW26_WEL_MH_SUPPORT's notes from the same CIPD H&W 2025 source (duplicate); additionally append the orphan fragment '89% of wellbeing activity includes a mental-health focus (CIPD H&W 2025)' to REW26_WEL_MH_SUPPORT's notes, since that stat exists nowhere else in the register and mu","Mis-map confirmed, including the audit's decisive arithmetic: PMI all-UK prevalence is 18% (REW_BEN_038/044) - or 25% offered-to-all per PMIMH's own notes - so a 52% figure mathematically cannot describe a feature INSIDE PMI schemes; it measures employer-level 24/7 MH-support provision by any route. The anchor's closing line 'PMI increasingly bundles MH cover + digital GP' is an unsourced inferenc"
REW_BEN_039,MISMAP,DROP_DUPLICATE,REW_BEN_038,True,"CIPD 2026 multi-select prevalence table including verbatim: 'Flexible working 40% all / 57% large' (same CIPD Reward Survey Feb 2026 source, n=1,059)",REW_BEN_039.real_anchor -> blank + EST flag; the flexible-working 40% all / 57% large pair already lives verbatim in REW_BEN_038's CIPD 2026 benefit-prevalence table (duplicate).,"Mis-map confirmed: the question asks about a flex-BENEFITS platform (benefit-choice mechanism); the 40%/57% measures flexible WORKING prevalence - pure vocabulary collision on 'flexible', which REW_BEN_039's own notes already warn about ('NB flex-benefits-scheme distinct from flexible-working'). The figure genuinely answers REW_BEN_038's which-benefits-offered question and sits there already with "
REW_BEN_055,MISMAP,DROP_DUPLICATE,EXT_REW_GAP_012,True,"Benefits review: 26% regularly review benefits package to ensure fair; 83% with objectives review (CIPD Reward Survey Feb 2026, RS p31, Grade A) - the identical","REW_BEN_055.real_anchor -> blank + EST flag; the 26% regularly-review figure already anchors EXT_REW_GAP_012 (duplicate, same CIPD Reward 2026 source, RS p31); additionally append the orphan fragment 'cost cited by 42% as a benefits-review factor (CIPD Reward 2026)' to EXT_REW_GAP_012's notes as review-driver detail, since that stat exists nowhere else in the register and must not be lost.","Mis-map confirmed despite the anchor honestly self-labelling 'proxy': reviewing the benefits package periodically (26%) and citing cost as a review factor (42%) are review-process facts, not evidence of a central cost-tracking/total-reward-reporting capability - there is no containment relation between the two subjects (unlike the PLSA necessary-condition case), so even as a knowing proxy it fails"
REW_BEN_100,MISMAP,DROP_DUPLICATE,REW26_BEN_PENSION_MATCH,True,Workplace pension contribution MATCHING plan: 57% of LARGE employers (250+) offer it (Fig24); 56% provide it to all employees (Fig14); FW-policy split 34%/13%. ,"REW_BEN_100.real_anchor -> blank + EST flag; the 57%-large matching figure already lives (in richer form) at REW26_BEN_PENSION_MATCH and the 16%-SME component already lives in REW_BEN_038's table ('Workplace pension matching 57% large / 16% SME'); the dubious '29% all?' fragment must NOT migrate - it is a mis-transcription (29% all is the min-6%-employer-contribution Fig13 figure, and PENSION_MATC","Mis-map confirmed: question is PMI eligibility coverage (employee proportion); anchor is entirely pension-matching employer prevalence - zero overlap, the anchor never mentions medical cover. Live DB text of the home verified: the figure's verified components (57% large offer, 16% SME) genuinely answer the offer-prevalence leg of PENSION_MATCH's question and are already recorded there / at 038 fro"
REW_BEN_102,MISMAP,DROP_DUPLICATE,REW26_BEN_SALSAC,True,"54% offer (large firms), CIPD pension analysis Dec 2025, Grade A; the full pair (54% large / 15% SME) also lives in REW_BEN_038's table ('Pension salary-sacrifi",REW_BEN_102.real_anchor -> blank + EST flag; the 54%-large salsac offer figure already anchors REW26_BEN_SALSAC and the full 54%-large/15%-SME pair already sits in REW_BEN_038's table (duplicate).,"Mis-map confirmed: question asks EMPLOYEE participation/take-up rate; anchor is EMPLOYER offer-prevalence - wrong unit of analysis and wrong variable, same topic word only. Home verified against live DB text: the figure measures employers offering pension salary sacrifice, which the register has already ruled as REW26_BEN_SALSAC's anchor (its notes calibrate the seeded 60% Yes against the 54%). On"
REW_BEN_139,MISMAP,DROP_DUPLICATE,REW_BEN_038,True,REW_BEN_038: 'PMI/health insurance 18% all / 70% large / 17-18% SME' inside the CIPD 2026 prevalence table; REW_BEN_044: 'PMI/private medical insurance: 18% all,"REW_BEN_139.real_anchor -> blank; the '70% large' figure is the relabelled PMI offer-prevalence already present at REW_BEN_038 and REW_BEN_044 (duplicate). RECOMMENDED replacement rather than bare EST, for David to rule: re-anchor 139 with the CIPD Feb 2026 Fig14 provide-to-all split - 'of large employers offering PMI, 50% extend to all staff / 50% restrict by grade/seniority/role; of SME offerers","Relabelling confirmed by triangulation: 038 and 044 both state 70% large = prevalence of OFFERING PMI among large employers; this row retitled the same number 'PMI eligibility', which the question's which-LEVELS-are-eligible matrix cannot be calibrated by (an offer-prevalence contains no within-scheme level split). subject_match_verified=true is asserted against REW_BEN_038, whose which-benefits-o"
REW_INC_132,MISMAP,DROP_DUPLICATE,REW_INC_131,True,"ANCHORED: 'All-employee share plans (AESPs): only ~16% of UK employers operate them. Among performance-linked employers, group schemes incl. all-employee share ","REW_INC_132.real_anchor -> blank + EST flag; the full figure set already lives at REW_INC_131 (identical CIPD PPT 2024 numbers: AESP ~16% in its anchor, profit-share 19-32% / goal-share 24% / org-wide bonus 29-34% in its notes — duplicate), with a forward note that unregistered live questions REW264_INC_SHAREPLAN and REW265_INC_PROFITSHARE are exact-fit homes for the AESP and profit/gain-share com","Mis-map confirmed on both audit axes against the live option set: REW_INC_132 asks LTIP VEHICLE MIX (RSUs / Share options / Performance shares / Cash LTIP) and the anchor supplies none of those — its quantities are employer-prevalence rates for collective schemes, not a share-of-vehicle-types distribution. Home resolution: the audit's textual home ('a group/collective reward scheme prevalence metr"
EXT_REW_GAP_001,RECHECK,CONTEXT_VALUE,,,,"context: value band-split (<GBP50 23.5% / GBP50-200 52.9% / GBP200-500 9.4% / GBP500-1k 3.5%; ~7% no programme) with band edges misaligned to the question's bands and a gift-led-channel base subset (Huggg vendor survey, n=85, Grade C); no marginal","The figure is a spend band-split - the exact form the CONTEXT_VALUE class names - and it fails twice over. (1) Banding: the anchor's finest low band (<GBP50 = 23.5%) is arithmetically contradicted by the seeded headline (GBP26-50 = 35%): a sub-band cannot exceed its containing band, and the anchor cannot discriminate GBP0-25 from GBP26-50 at all, so it cannot calibrate the question's option set. ("
EXT_REW_GAP_006,RECHECK,CONTEXT_VALUE,,,,"context: non-quantitative modal claim ('most commonly Financial Award or Gift', legacy n=42, no percentages) - cannot calibrate a distribution; no marginal. Flag for seed review: modal claim points financial/gift while seeded headline is 'Non-financial recognition 49%'","Subject matches exactly (form in which long-service awards are delivered) and the base (legacy platform, large/FTSE skew) is roughly cohort-like, but the anchor carries no numbers at all - only an ordinal 'most commonly' claim from n=42. A quantity-less claim is not a prevalence and cannot feed a marginal, so the row is context by quantity-type. Separately, the anchor's polarity conflicts with the"
EXT_REW_GAP_012,RECHECK,SINGLE_BASE,,,,"no-blend all-UK 0.26 (review-to-ensure-fair) with purpose caveat + likely-understates-large-cohort caveat; 0.83 objectives-holders base = context, never emit","The 26% is a flat all-UK prevalence (CIPD Reward Feb 2026 p31, Grade A, base field 'all-UK') with no SME/large split published — nothing for the blend to consume, so SINGLE_BASE. Under the class rule an all-UK base qualifies for no-blend emission with caveats, and two must be carried. Purpose caveat: the CIPD item measures review 'to ensure fair' (fairness lens) while the question asks review for "
PROP_674db2fc,RECHECK,SINGLE_BASE,,,,"no-blend all-UK 0.34 (TRS provision); constrains provision limb only, access-rate bands unanchored; caveat: likely understates large-skewed cohort (65% at 1,000+)","Employer prevalence with one blend-consumable base: 34% all-UK provide total reward statements (CIPD PPT 2024, n=832 weighted, grade A). The extra cuts (37% private / 26% public / 17% voluntary; 65% at 1,000+) include no SME rate and no 250+ large rate, so the blend cannot consume them — 1,000+ is not the cohort's large cut. Base is genuinely all-UK, so no-blend emission with the base caveat is al"
PROP_9e4ad87f,RECHECK,CONTEXT_VALUE,,,,"context: value figure (pay-AWARD median 3%; band split 3-3.99% = 40% of employers, 5%+ = 15%) — award distribution, not budget-as-%-of-payroll; no marginal","Question asks the salary-increase BUDGET as % of payroll for the LAST COMPLETED review (numeric). The anchor is CIPD LMO's expected basic PAY AWARD — a value/level distribution of a different construct (the settlement, not the planning pot, which also absorbs promotions/market adjustments and sits above the award) and forward-looking rather than retrospective. Even though the anchor contains a ban"
PROP_dff9a2a5,RECHECK,CONTEXT_VALUE,,,,"context: value figure (~3% is median award SIZE from CIPD LMO Spring 2026, not a coverage share; '<0%/freeze small tail' is directional only) — no marginal","Question asks a COVERAGE proportion (share of headcount receiving any increase; seeded '95%-100% 41%'). The register's only number, ~3%, is the median award VALUE — the same CIPD LMO median that already anchors PROP_634adacd — relabelled with a coverage prefix. A value cannot calibrate a coverage marginal, and the freeze-tail clause carries no figure. Row stays as context; the row needs a genuine "
PROP_fe1a29ec,RECHECK,SINGLE_BASE,,,,"no-blend all-UK 0.495; caveats carried: BENEFITS-side benchmarking only (anchor self-disclaims pay-survey usage), no 'at least annually' frequency cut, Drewberry broker-book n=626 indicative not nationally weighted","Genuine employer-prevalence (49.5% benchmark benefits vs 46.8% not) on a flat single base that is all-UK-shaped, so it meets the SINGLE_BASE emit-with-caveat test. But three caveats must travel with the marginal: (1) it anchors only the benefits half of a compound pay/benefits question whose examples are pay-side; (2) it has no frequency dimension against the question's annual threshold, so 0.495 "
RED_COST_01,RECHECK,CONTEXT_VALUE,,,,"context: value figure (statutory £751/wk cap, £22,530 max, age-banded formula) — no marginal; observed average cost per employee remains unanchored","The anchor is a statutory reference — weekly-pay cap £751, max statutory payment £22,530, the 0.5/1/1.5-weeks-per-year formula (gov.uk verified, Grade A) — a legal VALUE bound, not a prevalence of anything. The register row itself already concedes this twice: base field says 'This is the LEGAL BASELINE, not a prevalence', and bucket_why says 'no %-value in anchor'. The question asks an OBSERVED AV"
RED_TERM_02,RECHECK,CONTEXT_VALUE,,,,"context: value figure (statutory cap £751/wk from Apr 2026, 30 weeks max) — no marginal; enhanced-offer distribution unanchored; seeded bands already Check-C flagged degenerate","The anchor is statutory mechanics — £719/wk 2025/26 rising to £751 Apr 2026, 30-week maximum (IRIS/employment-law sources, Grade A; bucket_why 'no %-value in anchor') — a VALUE, not a prevalence. Double mismatch with the question: (a) statutory floor vs employer-OFFERED maximum — the question asks about enhanced terms above statutory (RED_TERM_01 confirms enhanced redundancy is common in large/str"
REW263_BEN_CICOVER,RECHECK,BLEND_ELIGIBLE,,,,"blend 0.12/0.42 (SME/large, on-row) -> 0.379 offer; emit 'Not applicable' 0.621 only; lump-sum-vs-multiple split stays unanchored (Drewberry = context)","On-row anchor carries the full split: 23% all / 42% large / 12% SME (CIPD H&W 2025, Grade A). Blend: (0.12*30 + 0.42*190)/220 = 0.379 offering CI cover, 'Not applicable' 0.621 — this closes the gap the recheck flagged: the audit compared the seeded 63% N/A against the 23% all-UK rate (implying 77% N/A) and saw a 14pp discrepancy, but against the correct cohort blend the seed is within 1pp (0.621 v"
REW263_BEN_DENTAL,RECHECK,BLEND_ELIGIBLE,,,,"blend 0.15/0.37 (SME/large cash-plan rates, on-row) -> 0.340 any-dental proxy; emit no-dental mass 0.660 only, carrying cash-plan-proxy caveat; employer-paid vs voluntary split stays unanchored","On-row anchor carries the full split: 24% all / 37% large / 15% SME (CIPD H&W 2025, Grade A). Blend: (0.15*30 + 0.37*190)/220 = 0.340, so the no-dental mass is 0.660 vs seeded 75% (58% N/A + 17% not-offered). Two caveats must ride with the emission. Product proxy: the figure counts dental CASH PLANS, not insured dental cover, so any-dental prevalence is somewhat above 0.340 (Aon 2025 grade-B: empl"
REW263_GOV_BENOBJ,RECHECK,SINGLE_BASE,,,,"no-blend all-UK 0.77 has-objectives / 0.22 none; constrains objectives limb only, review-against-them limb unanchored","Employer prevalence, single all-UK base: 77% have objectives for benefits / 22% none (CIPD Reward Survey Feb 2026, n=1,059, grade A; source has large/SME ns but the anchor states no per-size rates, so nothing to blend). Base is all-UK — emit no-blend with the base caveat. Same two-limb pattern as PROP_674db2fc, confirmed by the recheck: the live question adds 'and reviewed against them?', and the "
REW263_GOV_FLEXALLOW,RECHECK,SINGLE_BASE,,,,"no-blend flat-UK 0.39 offers-flexible-benefits (Broadstone n~200), emit only with upper-bound caveat: broad flex-benefits construct, not allowance-specific, plus benefits-engaged convenience sample; do not use Drewberry 0.252","Employer prevalence with one flat base: 39% offer flexible benefits (Broadstone Nov 2023, n~200, grade B), no SME/large split. The base is not weighted all-UK — it is a broker-client convenience sample with benefits-engaged skew — but it is plausibly cohort-like for a 220-org benefits-benchmarking cohort that is itself benefits-engaged and 86% large, so no-blend emission is permitted under the sin"
REW263_REC_PEER,RECHECK,CONTEXT_SUBGROUP,,,,"context: superset-scope figure - 0.66 is any-recognition-scheme prevalence (legacy platform 2019-20, n=74, large/FTSE skew), an upper bound only for peer-to-peer; unrebaseable, no P2P marginal until a P2P-specific source arrives","The mismatch here is scope-side rather than denominator-side, but the operative property is the same as the subgroup class: no arithmetic converts the measured quantity into the asked one. The 66% measures ANY recognition scheme (manager-led dominated); peer-to-peer via points/social platform is a proper subset, and the anchor self-flags 'peer-to-peer subset not separately split'. Emitting 0.66 wo"
REW263_TIME_NEONATAL,RECHECK,CONTEXT_VALUE,,,,context: statutory entitlement value (up to 12 wks from Apr 2025) - enhancement prevalence unmeasured; no marginal,"Self-aware anchor: it states that above-statutory enhancement is the seed's subject and then supplies no figure for it - only the statutory entitlement's existence and duration (a value). The 'Statutory only 66%' seed is unanchored on its discriminating dimension; the register note's judgment that ~34% enhance is 'plausible for a brand-new entitlement' is an editorial plausibility call, not a meas"
REW263_TIME_PATPAY,RECHECK,CONTEXT_SUBGROUP,,,,"context: self-selected benchmark-tier base - 0.67 is Bright Horizons top-tier (family-friendly benchmark participants), 0.21 broad measures a different quantity (enhance >2wks, not any-enhance); non-comparable, unblendable, no marginal. Re-base candidate already in notes: CIPD working-parents 2022 all-UK Grade A (36% statutory-minimum only) - if David promotes it to real_anchor the row becomes SIN","The real_anchor's 67% comes from a self-selected benchmark cohort (employers who opt into a family-friendly benchmark) - an unblendable subgroup, not an SME/large or all/large split. The paired 21% is not the same quantity (enhance >2 weeks vs enhance at all), so the two rates cannot feed the cohort blend, and the register itself flags BASE-CRITICAL with which base authoritative unresolved. Emitti"
REW263_TIME_PREGLOSS,RECHECK,CONTEXT_VALUE,,,,"context: legal-horizon note (statutory pregnancy-loss leave from 2027 under ERA 2025, currently discretionary; incoming right is UNPAID while the question asks PAID) - no prevalence; no marginal","Forward-looking legal note with no measured quantity of any kind: it establishes that provision is currently discretionary and that a statutory right lands in 2027. No figure exists for the 'No specific provision 50%' seed. The audit adds the decisive polarity nuance: the incoming 2027 entitlement is UNPAID bereavement-type leave, so even once live the statutory fact will not answer this paid-leav"
REW263_WEL_MGRTRAIN,RECHECK,CONTEXT_SUBGROUP,,,,context: org-level base (29% of orgs train line managers) on a manager-denominator coverage question; no marginal unless a trained-manager-proportion distribution arrives,"Denominator mismatch that no caveat can bridge. The live question asks what PROPORTION of an org's people managers have completed mental-health training — a within-org coverage rate whose answer bands are manager-denominated. The anchor's 29% (CIPD H&W 2025 Fig11, all orgs, grade A) is org-denominated: the share of employers that train line managers at all. An org that trained 3 of 40 managers sit"
REW263_WEL_OH,RECHECK,BLEND_ELIGIBLE,,,,"blend 0.39/0.86 -> (0.39*30 + 0.86*190)/220 = 0.796 cohort OH-access rate; access limb only, SLA limb stays unanchored","Register anchor carries a clean employer-prevalence with a full based split: 69% all-UK, 86% large (250+), 39% SME (CIPD H&W 2025, n=1,101, grade A, base 'all-UK / large split'). The cohort blend consumes SME 0.39 and large 0.86 directly, giving 0.796. The recheck's scope issue is the compound question: the live question ('Do employees have access to occupational health, and what is the typical re"
REW26_BEN_PENSION_MATCH,RECHECK,BLEND_ELIGIBLE,,,,blend 0.16/0.57 (SME Fig25 adopted from REW_BEN_100 / large Fig24 on-row) -> 0.514 offer; anchors offer-vs-None split only; 'up to what level' bands stay estimate-flagged,"Question is a genuine offer-prevalence ask ('Do you offer pension contribution matching...'), so the variable matches; only the base was incomplete. On-row firm read is large-only 57% (CIPD Feb 2026 Fig24, Grade A) with 'All-UK prevalence not separately published'. But the register itself already holds the missing half: REW_BEN_100 carries the same survey's Fig25 SME = 16% (its notes: 'Fig24 large"
REW26_BEN_SALSAC,RECHECK,SINGLE_BASE,,,,"do-not-emit: 0.54 is large-only AND measures offer-at-all, not default enrolment; if David rules the question means 'offered', blend 0.15/0.54 (pair on REW_BEN_102) -> 0.487","On-row figure is a single base: 54% large-only (CIPD Dec 2025; base field itself concedes 'mixed lower'). The task's SINGLE_BASE test — would emitting it unblended on an all-cohort question materially overstate? — is yes, on two axes. Base axis: modest — REW_BEN_102 holds the same-survey pair (54% large / 15% SME, Fig24/Fig25, Grade A), giving a cohort blend of (0.15*30+0.54*190)/220 = 0.487, so u"
REW26_GOV_EU_PTD_PREP,RECHECK,CONTEXT_SUBGROUP,,,,"context: 0.44 is a don't-know/opinion share (unable to predict readiness), not a preparedness-stage prevalence; second element is a date (Jun 2026 deadline); no marginal","Neither element of the anchor is a cohort-consumable prevalence for this question. The 44% (CIPD PPT 2024 p4, grade B) counts employers UNABLE TO PREDICT their pay-transparency readiness — an uncertainty/opinion share, the unblendable quantity type the subclass definition names explicitly — not a position on the Not started/In progress/Ready scale the live question and its seeded headline ('Not st"
REW26_WEL_BUDGET,RECHECK,SINGLE_BASE,,,,"no-blend large-only 0.54 budget-exists, carried as large-only + existence-not-per-head caveat; do NOT emit the 0.38 among-FW-policy conditional or the valueless 'SMEs lower'","Only one emittable figure survives: 54% of large (250+) employers have a wellbeing budget (CIPD H&W 2025 Fig18, grade B). No SME rate ('SMEs lower' is directional with no value) and no whole-cohort all-UK rate, so no blend is possible — this is the large-only-single-base case. On overstatement: because the cohort is 190 large / 30 SME (86% large), unblended 0.54 overstates only mildly — if the SME"
REW_BEN_044,RECHECK,BLEND_ELIGIBLE,,,,"blend 0.175/0.70 (SME 17-18% / large 70%, on-row) -> 0.628 offer; emit 'Not offered' 0.372 only; eligibility-rule options stay unanchored (Fig14 among-offerers split = context)","On-row anchor carries the full split from one survey: 18% all / 70% large / 17-18% SME (CIPD Feb 2026, Grade A), so the blend is directly consumable: (0.175*30 + 0.70*190)/220 = 0.628 offering PMI, i.e. 'Not offered' ~0.372 vs seeded 43%. This lands inside the register's own note 'Co-op pool -> use 40-70%' (offer side 63%). Scope limit is the key ruling: the question asks eligibility RULES (multi_"
REW_BEN_045,RECHECK,BLEND_ELIGIBLE,,,,"blend 0.185/0.62 (all-UK~SME 18-19% Fig28 / large 62% Fig24, on-row) -> 0.561 offer; emit 'Not offered' 0.439 only; salary-multiple bands stay unanchored","On-row anchor is an all/large split the blend can consume: 62% large (Fig24) vs ~18-19% all/SME (Fig28 UK-only 18%), CIPD Feb 2026 Grade A — the anchor itself equates all with SME ('~18-19% all/SME'), which is safe since the all-UK weighted base is SME-dominated. Blend: (0.185*30 + 0.62*190)/220 = 0.561 offering death-in-service, 'Not offered' 0.439 — strikingly consistent with the seeded 'Not off"
REW_BEN_058,RECHECK,CONTEXT_VALUE,,,,"context: forward-looking benefits-SPEND direction split (plan increase 8% / same 73% / decrease 6%), not a retrospective enhanced-in-last-12m prevalence — no marginal","Question is retrospective and causal (enhanced benefits in the LAST 12 months, in response to cost-of-living/labour-market pressure). The anchor is a three-way direction-of-travel split of planned benefits-spend change — wrong tense (intention vs done), wrong construct (spend change vs provision enhancement), no causal attribution. The base itself (all-UK, CIPD Reward Survey n=1,059) is fine, so t"
REW_BEN_FAM_002,RECHECK,BLEND_ELIGIBLE,,,,"blend 0.19/0.60 (all-UK Fig28 as SME-side rate, large 250+ 0.60) -> enhance-any 0.544; emit None (statutory only) = 0.456; weeks bands NOT emitted from this figure - duration shape stays context (CIPD working-parents 2022: 18% 4-13wks / 21% 26wks among enhancers; Drewberry 2026 level distribution)","Grade A CIPD Reward Survey with a genuine all/large split (~19% all-UK Fig28, 60% large 250+) - exactly the (or all/large) form the cohort blend consumes. Blend gives (0.19*30 + 0.60*190)/220 = 0.544 enhance-any, so None (statutory only) = 0.456, matching the seeded headline 44% within 2pp. Two caveats must ride the emission: (1) the prevalence answers only the None-vs-any split of this duration q"
REW_BEN_FAM_006,RECHECK,CONTEXT_VALUE,,,,"context: statutory-floor values (SMP/SPP/ShPP GBP194.32/wk, SMP 6wks at 90% AWE, paternity 2wks, SPL 50wks, day-one rights) - legal baseline, no enhancement prevalence; no marginal","The question asks employer prevalence of paying the 18-week unpaid parental leave right; the anchor is a deliberate statutory-floor dump of family-leave PAY rates and durations - values, not a prevalence. The register notes state explicitly that the beyond-statutory enhancement prevalence 'remains unanchored' and the floor is anchored as baseline only. The anchor also only touches the actual subje"
REW_BEN_HOL_002,RECHECK,CONTEXT_VALUE,,,,"context: statutory-floor value (5.6 weeks / 28 days; employers MAY count the 8 bank holidays within it) - legal baseline, no prevalence measured; no marginal","The question asks the practice distribution (bank holidays in addition to vs included within annual leave); the anchor is a gov.uk-verified statutory value establishing only that both treatments are lawful and that on-top is an enhancement. The register's own base field says 'this is the LEGAL BASELINE, not a prevalence', bucket is MANUAL 'no %-value in anchor', and the notes concede the prevalenc"
REW_BEN_HOL_004,RECHECK,CONTEXT_SUBGROUP,,,,"context: collective-agreement base (IDR Payline, 56/98 = 0.57; unionised, 84% 250+ FTE, ~51% public/voluntary) - unblendable subgroup on an all-cohort question; no marginal until a re-based all-UK figure (CIPD-class) arrives","Subject matches exactly and the 0.57 is a genuine employer-prevalence, but the denominator is a convenience sample of collective agreements - unionised, public/large-skewed - and service-based leave is materially more common in that population (audit-confirmed textbook base mismatch). The skew dimension (unionisation/sector) is orthogonal to the SME/large blend, so no blend can rebase it. Would em"
REW_FAI_088,RECHECK,SINGLE_BASE,,,,"no-blend all-UK 0.40 always / 0.32 never (internal pay-range access; remainder ~0.28 partial), conditional on source re-check of PPT Fig18 provenance (possible external-advert figure re-use)","Structurally the cleanest single-base row: employer prevalence (~40% always publish pay ranges internally / 32% never), register base 'all-UK' (CIPD PPT 2024, n=832, grade A), no SME/large split, subject matches the live question exactly. So the machine rule is no-blend all-UK. The recheck's concern is provenance, not base: the ~40% is value-identical to the EXTERNAL job-advert figure on three sib"
REW_INC_072,RECHECK,SINGLE_BASE,,,,"no-blend large-only 0.15 (active-use rate; NEVER the ~0.45 use-or-considering composite — considering is not using); caveats carried: n=165 large UK employers, Oct 2022 labour-shortage PEAK, treat as upper bound for 2026","Subject matches exactly; single large-only base on an all-cohort question, so the SINGLE_BASE materiality test applies. On base alone, unblended emission does NOT materially overstate for THIS cohort: the blend population is 190 large / 30 SME, so even at an SME rate of ~5% the blended figure is (0.05*30 + 0.15*190)/220 ≈ 13.6% — about 1.4pp below the 15%, immaterial. The material overstatement ri"
REW_INC_103,RECHECK,CONTEXT_SUBGROUP,,,,context: employee-level receipt base — 12.2% of ALL UK employees received a bonus (yr to May 2025; small firms 20.4% vs large 7.8%) — receipt is not eligibility and economy-wide employees is not a within-org base; no marginal until a within-org eligibility figure arrives,"Textbook CONTEXT_SUBGROUP: the base is employee-level (Brightmine payroll dataset, all UK employees including staff of employers with no scheme), one of the enumerated unblendable bases. Two compounding gaps: receipt is a strict lower bound on eligibility (zero-payout years), and the economy-wide denominator cannot be re-based to the question's within-org, scheme-conditioned share (seeded '75%+ 34"
REW_INC_104,RECHECK,CONTEXT_VALUE,,,,"context: value/band distribution on the wrong denominator — payout as % of TARGET (90-100% band = 60% i.e. 26/43; 71-90% ≈ 23%) against a question denominated in % of MAXIMUM; no marginal without an explicit target-to-max conversion; n=43, 2019-20 vintage","Subject matches (bonus payout achievement) but both the quantity-type and the base fail: the anchor is a band DISTRIBUTION of an achievement value, and its denominator is target while the question's is maximum potential. Since maximum commonly sits at 150-200% of target, '90-100% of target' maps to roughly 50-70% of maximum — attaching it unadjusted would drag the seed toward the top band (seeded "
REW_INC_131,RECHECK,CONTEXT_SUBGROUP,,,,"context: subset-scope prevalence — AESP ~16% all-UK covers all-employee share plans only, and 21-24% is an among-performance-linked-employers base; neither maps to 'any LTI/equity at ANY level'; no marginal until an any-LTI prevalence figure arrives","The base of the headline ~16% (all-UK employers, CIPD PPT 2024 n=832 weighted) is sound, but the measured population of practices is a strict SUBSET of the question's scope: all-employee share plans exclude senior-only/executive LTIPs, the most common LTI form, which the question's 'for any levels' explicitly admits. The secondary 21-24% figure is additionally on an unblendable among-performance-l"
REW_INC_133,RECHECK,CONTEXT_SUBGROUP,,,,context: staff-category participation splits from NON-LTI schemes (team bonus MPT 37% vs other 23%; profit-share 32% vs 19%; AESP ~16%) — no LTI-eligibility-by-level quantity exists on the row; no marginal,"Question asks which of the org's own levels are eligible for LONG-TERM incentives (matrix). Every quantified figure in the anchor is a by-staff-category (MPT vs other — an occupational classification, not the org's grade structure) cut of SHORT-term collective schemes (team bonus, profit-share); only the unquantified senior-skew direction is on-subject. These are unblendable subgroup shares of the"
REW_PAY_HOURLY_MIN_1c6e096f,RECHECK,CONTEXT_VALUE,,,,"context: value figure (statutory floor — NLW 21+ £12.21 Apr 2025 -> £12.71 Apr 2026; NMW 18-20 £10.85) — left-tail boundary constraint only, no marginal","Question asks the distribution of employers' actual lowest hourly rates (seeded '£14-£15 18%'); the anchor is the legal wage floor — a statutory constant with base 'the law', measuring no employer behaviour. It validly bounds the distribution (nothing below £12.71 from Apr 2026) but says nothing about where mass sits above the floor, so it cannot generate or calibrate a marginal. Keep as the floor"
